update,variable_updated,c,b,MSE
0,initial,0.0,0.0,17.75
1,c,3.25,0.0,7.1875
2,b,3.25,0.8214285714285714,4.825892857142857
3,c,2.017857142857143,0.8214285714285714,3.307716836734693
4,b,2.017857142857143,1.3494897959183674,2.3317465379008753
5,c,1.2257653061224492,1.3494897959183674,1.704337060079134
6,b,1.2257653061224492,1.6889577259475217,1.301002395765158
7,c,0.7165634110787176,1.6889577259475217,1.0417158258490302
8,b,0.7165634110787176,1.9071871095376924,0.8750316023315193
9,c,0.38921933569346123,1.9071871095376924,0.7678774586416907
10,b,0.38921933569346123,2.047477427559945,0.6989926519839444
11,c,0.17878385866008273,2.047477427559945,0.6547095619896788
12,b,0.17878385866008273,2.13766406057425,0.6262418612790793
13,c,0.04350390913862512,2.13766406057425,0.6079411965365511
14,b,0.04350390913862512,2.195641181797732,0.596176483487783
15,c,-0.04346177269659801,2.195641181797732,0.5886134536707177
16,b,-0.04346177269659801,2.232912188298542,0.5837515059311755
17,c,-0.09936828244781282,2.232912188298542,0.5806259680986129
18,b,-0.09936828244781282,2.2568721210490628,0.5786166937776798
19,c,-0.13530818157359414,2.2568721210490628,0.5773250174285087
20,b,-0.13530818157359414,2.272274934960112,0.5764946540611837
21,c,-0.15841240244016763,2.272274934960112,0.5759608490393326
22,b,-0.15841240244016763,2.2821767439029292,0.5756176886681423
23,c,-0.17326511585439386,2.2821767439029292,0.5753970855723776
24,b,-0.17326511585439386,2.288542192509026,0.5752552692965286
25,c,-0.1828132887635392,2.288542192509026,0.5751641016906257
26,b,-0.1828132887635392,2.2926342666129456,0.5751054939439738
27,c,-0.18895139991941834,2.2926342666129456,0.5750678175354118
28,b,-0.18895139991941834,2.2952648856797504,0.5750435969870507
29,c,-0.1928973285196256,2.2952648856797504,0.5750280266345319
30,b,-0.1928973285196256,2.2969559979369825,0.575018017122199
31,c,-0.1954339969054737,2.2969559979369825,0.5750115824356999
32,b,-0.1954339969054737,2.2980431415309175,0.5750074458515215
33,c,-0.19706471229637623,2.2980431415309175,0.5750047866188354
34,b,-0.19706471229637623,2.29874201955559,0.5750030771121083
35,c,-0.19811302933338482,2.29874201955559,0.5750019781434981
36,b,-0.19811302933338482,2.2991912982857365,0.5750012716636772
37,c,-0.19878694742860503,2.2991912982857365,0.5750008174980782
38,b,-0.19878694742860503,2.299480120326545,0.5750005255344789
39,c,-0.1992201804898177,2.299480120326545,0.575000337843594
40,b,-0.1992201804898177,2.299665791638493,0.5750002171851667
41,c,-0.1994986874577398,2.299665791638493,0.575000139619036
42,b,-0.1994986874577398,2.2997851517676025,0.5750000897550949
43,c,-0.19967772765140346,2.2997851517676025,0.5750000576997039
44,b,-0.19967772765140346,2.299861883279173,0.5750000370926664
45,c,-0.1997928249187595,2.299861883279173,0.5750000238452855
46,b,-0.1997928249187595,2.2999112106794684,0.5750000153291122
47,c,-0.19986681601920253,2.2999112106794684,0.5750000098544292
48,b,-0.19986681601920253,2.2999429211510867,0.5750000063349903
49,c,-0.19991438172663,2.2999429211510867,0.5750000040724934
50,b,-0.19991438172663,2.29996330645427,0.5750000026180316
51,c,-0.1999449596814049,2.29996330645427,0.5750000016830203
52,b,-0.1999449596814049,2.299976411292031,0.5750000010819415
53,c,-0.1999646169380469,2.299976411292031,0.5750000006955338
54,b,-0.1999646169380469,2.2999848358305917,0.575000000447129
55,c,-0.19997725374588748,2.2999848358305917,0.5750000002874404
56,b,-0.19997725374588748,2.2999902516053803,0.5750000001847833
57,c,-0.19998537740807043,2.2999902516053803,0.5750000001187886
58,b,-0.19998537740807043,2.299993733174887,0.5750000000763645
59,c,-0.19999059976233102,2.299993733174887,0.5750000000490911
60,b,-0.19999059976233102,2.2999959713267133,0.5750000000315587
61,c,-0.19999395699006994,2.2999959713267133,0.5750000000202874
62,b,-0.19999395699006994,2.2999974101386016,0.5750000000130421
63,c,-0.1999961152079024,2.2999974101386016,0.5750000000083841
64,b,-0.1999961152079024,2.299998335089101,0.5750000000053899
65,c,-0.19999750263365135,2.299998335089101,0.5750000000034645
66,b,-0.19999750263365135,2.2999989297001364,0.5750000000022276
67,c,-0.19999839455020485,2.2999989297001364,0.5750000000014317
68,b,-0.19999839455020485,2.2999993119500877,0.5750000000009204
69,c,-0.1999989679251315,2.2999993119500877,0.5750000000005921
70,b,-0.1999989679251315,2.299999557682199,0.5750000000003799
71,c,-0.19999933652329904,2.299999557682199,0.5750000000002444
72,b,-0.19999933652329904,2.2999997156528424,0.5750000000001573
73,c,-0.19999957347926367,2.2999997156528424,0.5750000000001007
74,b,-0.19999957347926367,2.299999817205399,0.5750000000000646
75,c,-0.19999972580809855,2.299999817205399,0.5750000000000421
76,b,-0.19999972580809855,2.299999882489185,0.5750000000000266
77,c,-0.19999982373377723,2.299999882489185,0.5750000000000175
78,b,-0.19999982373377723,2.299999924457333,0.5750000000000113
79,c,-0.19999988668599933,2.299999924457333,0.5750000000000073
80,b,-0.19999988668599933,2.2999999514368565,0.5750000000000044
81,c,-0.19999992715528503,2.2999999514368565,0.5750000000000028
82,b,-0.19999992715528503,2.299999968780836,0.5750000000000021
83,c,-0.19999995317125396,2.299999968780836,0.5750000000000014
84,b,-0.19999995317125396,2.2999999799305373,0.5750000000000007
85,c,-0.19999996989580593,2.2999999799305373,0.5750000000000002
86,b,-0.19999996989580593,2.299999987098203,0.575
87,c,-0.1999999806473043,2.299999987098203,0.5750000000000006
88,b,-0.1999999806473043,2.2999999917059877,0.575
89,c,-0.1999999875589813,2.2999999917059877,0.5750000000000003
90,b,-0.1999999875589813,2.2999999946681347,0.575
